,name,family_index,per_family_instance_index,run_name,run_type,repetitions,repetition_index,threads,iterations,real_time,cpu_time,time_unit,dataset_bytes,dataset_elem_count,hashfn_bytes,label
0,PresortedBuildTime<exotic_hashing::DoNothingHash<Data>>/100/0,0,0,PresortedBuildTime<exotic_hashing::DoNothingHash<Data>>/100/0,iteration,1,0,1,1000000000,0.26554050855338573,0.265417558,ns,800.0,100.0,0.0,seq
1,PresortedBuildTime<exotic_hashing::DoNothingHash<Data>>/10000/0,0,1,PresortedBuildTime<exotic_hashing::DoNothingHash<Data>>/10000/0,iteration,1,0,1,1000000000,0.25946203619241714,0.25933284400000006,ns,80000.0,10000.0,0.0,seq
2,PresortedBuildTime<exotic_hashing::DoNothingHash<Data>>/1000000/0,0,2,PresortedBuildTime<exotic_hashing::DoNothingHash<Data>>/1000000/0,iteration,1,0,1,1000000000,0.25767488963901997,0.25757193199999995,ns,8000000.0,1000000.0,0.0,seq
3,PresortedBuildTime<exotic_hashing::DoNothingHash<Data>>/100000000/0,0,3,PresortedBuildTime<exotic_hashing::DoNothingHash<Data>>/100000000/0,iteration,1,0,1,1000000000,0.2579575441777706,0.2578295420000014,ns,800000000.0,100000000.0,0.0,seq
4,PresortedBuildTime<exotic_hashing::DoNothingHash<Data>>/100/2,0,4,PresortedBuildTime<exotic_hashing::DoNothingHash<Data>>/100/2,iteration,1,0,1,1000000000,0.25792442448437214,0.2578263550000006,ns,800.0,100.0,0.0,uniform
5,PresortedBuildTime<exotic_hashing::DoNothingHash<Data>>/10000/2,0,5,PresortedBuildTime<exotic_hashing::DoNothingHash<Data>>/10000/2,iteration,1,0,1,1000000000,0.2639308199286461,0.2637594940000003,ns,80000.0,10000.0,0.0,uniform
6,PresortedBuildTime<exotic_hashing::DoNothingHash<Data>>/1000000/2,0,6,PresortedBuildTime<exotic_hashing::DoNothingHash<Data>>/1000000/2,iteration,1,0,1,1000000000,0.2578751742839813,0.25774127700000093,ns,8000000.0,1000000.0,0.0,uniform
7,PresortedBuildTime<exotic_hashing::DoNothingHash<Data>>/100000000/2,0,7,PresortedBuildTime<exotic_hashing::DoNothingHash<Data>>/100000000/2,iteration,1,0,1,1000000000,0.25832605361938477,0.2582046219999974,ns,800000000.0,100000000.0,0.0,uniform
8,PresortedBuildTime<exotic_hashing::DoNothingHash<Data>>/100/3,0,8,PresortedBuildTime<exotic_hashing::DoNothingHash<Data>>/100/3,iteration,1,0,1,1000000000,0.25920951552689075,0.25908735199999455,ns,800.0,100.0,0.0,fb
9,PresortedBuildTime<exotic_hashing::DoNothingHash<Data>>/10000/3,0,9,PresortedBuildTime<exotic_hashing::DoNothingHash<Data>>/10000/3,iteration,1,0,1,1000000000,0.2582026068121195,0.25808944999999994,ns,80000.0,10000.0,0.0,fb
10,PresortedBuildTime<exotic_hashing::DoNothingHash<Data>>/1000000/3,0,10,PresortedBuildTime<exotic_hashing::DoNothingHash<Data>>/1000000/3,iteration,1,0,1,1000000000,0.2579028159379959,0.25781744700000075,ns,8000000.0,1000000.0,0.0,fb
11,PresortedBuildTime<exotic_hashing::DoNothingHash<Data>>/100000000/3,0,11,PresortedBuildTime<exotic_hashing::DoNothingHash<Data>>/100000000/3,iteration,1,0,1,1000000000,0.2576886396855116,0.2575944000000021,ns,800000000.0,100000000.0,0.0,fb
12,PresortedBuildTime<exotic_hashing::DoNothingHash<Data>>/100/4,0,12,PresortedBuildTime<exotic_hashing::DoNothingHash<Data>>/100/4,iteration,1,0,1,1000000000,0.2650268133729696,0.2649020789999952,ns,800.0,100.0,0.0,osm
13,PresortedBuildTime<exotic_hashing::DoNothingHash<Data>>/10000/4,0,13,PresortedBuildTime<exotic_hashing::DoNothingHash<Data>>/10000/4,iteration,1,0,1,1000000000,0.2580806389451027,0.25791924300000346,ns,80000.0,10000.0,0.0,osm
14,PresortedBuildTime<exotic_hashing::DoNothingHash<Data>>/1000000/4,0,14,PresortedBuildTime<exotic_hashing::DoNothingHash<Data>>/1000000/4,iteration,1,0,1,1000000000,0.2576736267656088,0.25758264000000963,ns,8000000.0,1000000.0,0.0,osm
15,PresortedBuildTime<exotic_hashing::DoNothingHash<Data>>/100000000/4,0,15,PresortedBuildTime<exotic_hashing::DoNothingHash<Data>>/100000000/4,iteration,1,0,1,1000000000,0.2576844394207001,0.25753527199999837,ns,800000000.0,100000000.0,0.0,osm
16,PresortedBuildTime<exotic_hashing::DoNothingHash<Data>>/100/5,0,16,PresortedBuildTime<exotic_hashing::DoNothingHash<Data>>/100/5,iteration,1,0,1,1000000000,0.2577407266944647,0.2576000880000038,ns,800.0,100.0,0.0,wiki
17,PresortedBuildTime<exotic_hashing::DoNothingHash<Data>>/10000/5,0,17,PresortedBuildTime<exotic_hashing::DoNothingHash<Data>>/10000/5,iteration,1,0,1,1000000000,0.2677353397011757,0.26762010699999905,ns,80000.0,10000.0,0.0,wiki
18,PresortedBuildTime<exotic_hashing::DoNothingHash<Data>>/1000000/5,0,18,PresortedBuildTime<exotic_hashing::DoNothingHash<Data>>/1000000/5,iteration,1,0,1,1000000000,0.25763737596571445,0.2575493710000103,ns,8000000.0,1000000.0,0.0,wiki
19,PresortedBuildTime<exotic_hashing::DoNothingHash<Data>>/100000000/5,0,19,PresortedBuildTime<exotic_hashing::DoNothingHash<Data>>/100000000/5,iteration,1,0,1,1000000000,0.26268125139176846,0.26258399799999665,ns,723496096.0,90437012.0,0.0,wiki
20,UnorderedBuildTime<exotic_hashing::DoNothingHash<Data>>/100/0,1,0,UnorderedBuildTime<exotic_hashing::DoNothingHash<Data>>/100/0,iteration,1,0,1,1000000000,0.2579493895173073,0.2578380840000136,ns,800.0,100.0,0.0,seq
21,UnorderedBuildTime<exotic_hashing::DoNothingHash<Data>>/10000/0,1,1,UnorderedBuildTime<exotic_hashing::DoNothingHash<Data>>/10000/0,iteration,1,0,1,1000000000,0.2581547647714615,0.25801183000001515,ns,80000.0,10000.0,0.0,seq
22,UnorderedBuildTime<exotic_hashing::DoNothingHash<Data>>/1000000/0,1,2,UnorderedBuildTime<exotic_hashing::DoNothingHash<Data>>/1000000/0,iteration,1,0,1,1000000000,0.26866772398352623,0.2685432140000046,ns,8000000.0,1000000.0,0.0,seq
23,UnorderedBuildTime<exotic_hashing::DoNothingHash<Data>>/100000000/0,1,3,UnorderedBuildTime<exotic_hashing::DoNothingHash<Data>>/100000000/0,iteration,1,0,1,1000000000,0.25788996182382107,0.2577892150000025,ns,800000000.0,100000000.0,0.0,seq
24,UnorderedBuildTime<exotic_hashing::DoNothingHash<Data>>/100/2,1,4,UnorderedBuildTime<exotic_hashing::DoNothingHash<Data>>/100/2,iteration,1,0,1,1000000000,0.25776623003184795,0.25763822700000105,ns,800.0,100.0,0.0,uniform
25,UnorderedBuildTime<exotic_hashing::DoNothingHash<Data>>/10000/2,1,5,UnorderedBuildTime<exotic_hashing::DoNothingHash<Data>>/10000/2,iteration,1,0,1,1000000000,0.26784105598926544,0.2677482219999945,ns,80000.0,10000.0,0.0,uniform
26,UnorderedBuildTime<exotic_hashing::DoNothingHash<Data>>/1000000/2,1,6,UnorderedBuildTime<exotic_hashing::DoNothingHash<Data>>/1000000/2,iteration,1,0,1,1000000000,0.25764046609401703,0.25752852699997675,ns,8000000.0,1000000.0,0.0,uniform
27,UnorderedBuildTime<exotic_hashing::DoNothingHash<Data>>/100000000/2,1,7,UnorderedBuildTime<exotic_hashing::DoNothingHash<Data>>/100000000/2,iteration,1,0,1,1000000000,0.257907010614872,0.25778095900000153,ns,800000000.0,100000000.0,0.0,uniform
28,UnorderedBuildTime<exotic_hashing::DoNothingHash<Data>>/100/3,1,8,UnorderedBuildTime<exotic_hashing::DoNothingHash<Data>>/100/3,iteration,1,0,1,1000000000,0.25776412710547447,0.2576790649999907,ns,800.0,100.0,0.0,fb
29,UnorderedBuildTime<exotic_hashing::DoNothingHash<Data>>/10000/3,1,9,UnorderedBuildTime<exotic_hashing::DoNothingHash<Data>>/10000/3,iteration,1,0,1,1000000000,0.2580773588269949,0.2579890760000012,ns,80000.0,10000.0,0.0,fb
30,UnorderedBuildTime<exotic_hashing::DoNothingHash<Data>>/1000000/3,1,10,UnorderedBuildTime<exotic_hashing::DoNothingHash<Data>>/1000000/3,iteration,1,0,1,1000000000,0.26769353449344635,0.26757218099999136,ns,8000000.0,1000000.0,0.0,fb
31,UnorderedBuildTime<exotic_hashing::DoNothingHash<Data>>/100000000/3,1,11,UnorderedBuildTime<exotic_hashing::DoNothingHash<Data>>/100000000/3,iteration,1,0,1,1000000000,0.25862241722643375,0.25841449000000694,ns,800000000.0,100000000.0,0.0,fb
32,UnorderedBuildTime<exotic_hashing::DoNothingHash<Data>>/100/4,1,12,UnorderedBuildTime<exotic_hashing::DoNothingHash<Data>>/100/4,iteration,1,0,1,1000000000,0.26778332330286503,0.2676771980000012,ns,800.0,100.0,0.0,osm
33,UnorderedBuildTime<exotic_hashing::DoNothingHash<Data>>/10000/4,1,13,UnorderedBuildTime<exotic_hashing::DoNothingHash<Data>>/10000/4,iteration,1,0,1,1000000000,0.2574740517884493,0.25738926700000775,ns,80000.0,10000.0,0.0,osm
34,UnorderedBuildTime<exotic_hashing::DoNothingHash<Data>>/1000000/4,1,14,UnorderedBuildTime<exotic_hashing::DoNothingHash<Data>>/1000000/4,iteration,1,0,1,1000000000,0.25779712945222855,0.2576983440000049,ns,8000000.0,1000000.0,0.0,osm
35,UnorderedBuildTime<exotic_hashing::DoNothingHash<Data>>/100000000/4,1,15,UnorderedBuildTime<exotic_hashing::DoNothingHash<Data>>/100000000/4,iteration,1,0,1,1000000000,0.25844465009868145,0.258329405999973,ns,800000000.0,100000000.0,0.0,osm
36,UnorderedBuildTime<exotic_hashing::DoNothingHash<Data>>/100/5,1,16,UnorderedBuildTime<exotic_hashing::DoNothingHash<Data>>/100/5,iteration,1,0,1,1000000000,0.2576683182269335,0.2575866750000273,ns,800.0,100.0,0.0,wiki
37,UnorderedBuildTime<exotic_hashing::DoNothingHash<Data>>/10000/5,1,17,UnorderedBuildTime<exotic_hashing::DoNothingHash<Data>>/10000/5,iteration,1,0,1,1000000000,0.25771837309002876,0.2575793249999947,ns,80000.0,10000.0,0.0,wiki
38,UnorderedBuildTime<exotic_hashing::DoNothingHash<Data>>/1000000/5,1,18,UnorderedBuildTime<exotic_hashing::DoNothingHash<Data>>/1000000/5,iteration,1,0,1,1000000000,0.26002256013453007,0.2598854359999905,ns,8000000.0,1000000.0,0.0,wiki
39,UnorderedBuildTime<exotic_hashing::DoNothingHash<Data>>/100000000/5,1,19,UnorderedBuildTime<exotic_hashing::DoNothingHash<Data>>/100000000/5,iteration,1,0,1,1000000000,0.2577873356640339,0.2576710619999858,ns,723496096.0,90437012.0,0.0,wiki
40,LookupTime<exotic_hashing::DoNothingHash<Data>>/100/0,2,0,LookupTime<exotic_hashing::DoNothingHash<Data>>/100/0,iteration,1,0,1,1000000000,0.6149023249745369,0.6146331630000077,ns,800.0,100.0,0.0,seq
41,LookupTime<exotic_hashing::DoNothingHash<Data>>/10000/0,2,1,LookupTime<exotic_hashing::DoNothingHash<Data>>/10000/0,iteration,1,0,1,1000000000,0.5241352021694183,0.5239165469999989,ns,80000.0,10000.0,0.0,seq
42,LookupTime<exotic_hashing::DoNothingHash<Data>>/1000000/0,2,2,LookupTime<exotic_hashing::DoNothingHash<Data>>/1000000/0,iteration,1,0,1,1000000000,0.5151627920567989,0.5149366370000052,ns,8000000.0,1000000.0,0.0,seq
43,LookupTime<exotic_hashing::DoNothingHash<Data>>/100000000/0,2,3,LookupTime<exotic_hashing::DoNothingHash<Data>>/100000000/0,iteration,1,0,1,1000000000,0.5158952940255404,0.5156728360000216,ns,800000000.0,100000000.0,0.0,seq
44,LookupTime<exotic_hashing::DoNothingHash<Data>>/100/2,2,4,LookupTime<exotic_hashing::DoNothingHash<Data>>/100/2,iteration,1,0,1,1000000000,0.6213419996201992,0.621091094999997,ns,800.0,100.0,0.0,uniform
45,LookupTime<exotic_hashing::DoNothingHash<Data>>/10000/2,2,5,LookupTime<exotic_hashing::DoNothingHash<Data>>/10000/2,iteration,1,0,1,1000000000,0.5164660084992647,0.5162449850000712,ns,80000.0,10000.0,0.0,uniform
46,LookupTime<exotic_hashing::DoNothingHash<Data>>/1000000/2,2,6,LookupTime<exotic_hashing::DoNothingHash<Data>>/1000000/2,iteration,1,0,1,1000000000,0.5187860783189535,0.518559046000064,ns,8000000.0,1000000.0,0.0,uniform
47,LookupTime<exotic_hashing::DoNothingHash<Data>>/100000000/2,2,7,LookupTime<exotic_hashing::DoNothingHash<Data>>/100000000/2,iteration,1,0,1,1000000000,0.5153228919953108,0.5151410870000745,ns,800000000.0,100000000.0,0.0,uniform
48,LookupTime<exotic_hashing::DoNothingHash<Data>>/100/3,2,8,LookupTime<exotic_hashing::DoNothingHash<Data>>/100/3,iteration,1,0,1,1000000000,0.6120573077350855,0.611740004000012,ns,800.0,100.0,0.0,fb
49,LookupTime<exotic_hashing::DoNothingHash<Data>>/10000/3,2,9,LookupTime<exotic_hashing::DoNothingHash<Data>>/10000/3,iteration,1,0,1,1000000000,0.5166255366057158,0.5164358849999644,ns,80000.0,10000.0,0.0,fb
50,LookupTime<exotic_hashing::DoNothingHash<Data>>/1000000/3,2,10,LookupTime<exotic_hashing::DoNothingHash<Data>>/1000000/3,iteration,1,0,1,1000000000,0.5158541575074196,0.5155725100000836,ns,8000000.0,1000000.0,0.0,fb
51,LookupTime<exotic_hashing::DoNothingHash<Data>>/100000000/3,2,11,LookupTime<exotic_hashing::DoNothingHash<Data>>/100000000/3,iteration,1,0,1,1000000000,0.5160651300102472,0.5158627519999754,ns,800000000.0,100000000.0,0.0,fb
52,LookupTime<exotic_hashing::DoNothingHash<Data>>/100/4,2,12,LookupTime<exotic_hashing::DoNothingHash<Data>>/100/4,iteration,1,0,1,1000000000,0.6152904182672501,0.615080581999905,ns,800.0,100.0,0.0,osm
53,LookupTime<exotic_hashing::DoNothingHash<Data>>/10000/4,2,13,LookupTime<exotic_hashing::DoNothingHash<Data>>/10000/4,iteration,1,0,1,1000000000,0.5261616483330727,0.5259341649999669,ns,80000.0,10000.0,0.0,osm
54,LookupTime<exotic_hashing::DoNothingHash<Data>>/1000000/4,2,14,LookupTime<exotic_hashing::DoNothingHash<Data>>/1000000/4,iteration,1,0,1,1000000000,0.5159034207463264,0.5157277509999858,ns,8000000.0,1000000.0,0.0,osm
55,LookupTime<exotic_hashing::DoNothingHash<Data>>/100000000/4,2,15,LookupTime<exotic_hashing::DoNothingHash<Data>>/100000000/4,iteration,1,0,1,1000000000,0.5203232765197754,0.5200733650000302,ns,800000000.0,100000000.0,0.0,osm
56,LookupTime<exotic_hashing::DoNothingHash<Data>>/100/5,2,16,LookupTime<exotic_hashing::DoNothingHash<Data>>/100/5,iteration,1,0,1,1000000000,0.6105020120739937,0.6102581750000127,ns,800.0,100.0,0.0,wiki
57,LookupTime<exotic_hashing::DoNothingHash<Data>>/10000/5,2,17,LookupTime<exotic_hashing::DoNothingHash<Data>>/10000/5,iteration,1,0,1,1000000000,0.5169212184846401,0.5167206859999851,ns,80000.0,10000.0,0.0,wiki
58,LookupTime<exotic_hashing::DoNothingHash<Data>>/1000000/5,2,18,LookupTime<exotic_hashing::DoNothingHash<Data>>/1000000/5,iteration,1,0,1,1000000000,0.5258745159953833,0.5255647549998912,ns,8000000.0,1000000.0,0.0,wiki
59,LookupTime<exotic_hashing::DoNothingHash<Data>>/100000000/5,2,19,LookupTime<exotic_hashing::DoNothingHash<Data>>/100000000/5,iteration,1,0,1,1000000000,0.5155566204339266,0.5153385370000478,ns,723496096.0,90437012.0,0.0,wiki
60,PresortedBuildTime<exotic_hashing::RankHash<Data>>/100/0,3,0,PresortedBuildTime<exotic_hashing::RankHash<Data>>/100/0,iteration,1,0,1,1648548,427.740885294862,427.5854030333896,ns,800.0,100.0,424.0,seq
61,PresortedBuildTime<exotic_hashing::RankHash<Data>>/10000/0,3,1,PresortedBuildTime<exotic_hashing::RankHash<Data>>/10000/0,iteration,1,0,1,6869,100141.01043983498,100094.89314309838,ns,80000.0,10000.0,40024.0,seq
62,PresortedBuildTime<exotic_hashing::RankHash<Data>>/1000000/0,3,2,PresortedBuildTime<exotic_hashing::RankHash<Data>>/1000000/0,iteration,1,0,1,44,15969982.878728347,15959203.954545068,ns,8000000.0,1000000.0,4000024.0,seq
63,PresortedBuildTime<exotic_hashing::RankHash<Data>>/100000000/0,3,3,PresortedBuildTime<exotic_hashing::RankHash<Data>>/100000000/0,iteration,1,0,1,1,2862228598.445654,2859818421.0,ns,800000000.0,100000000.0,400000024.0,seq
64,PresortedBuildTime<exotic_hashing::RankHash<Data>>/100/2,3,4,PresortedBuildTime<exotic_hashing::RankHash<Data>>/100/2,iteration,1,0,1,1623788,424.030875482832,423.8333421604351,ns,800.0,100.0,424.0,uniform
65,PresortedBuildTime<exotic_hashing::RankHash<Data>>/10000/2,3,5,PresortedBuildTime<exotic_hashing::RankHash<Data>>/10000/2,iteration,1,0,1,6949,100866.17965006214,100826.85940422067,ns,80000.0,10000.0,40024.0,uniform
66,PresortedBuildTime<exotic_hashing::RankHash<Data>>/1000000/2,3,6,PresortedBuildTime<exotic_hashing::RankHash<Data>>/1000000/2,iteration,1,0,1,42,16258683.499126207,16246291.738095155,ns,8000000.0,1000000.0,4000024.0,uniform
67,PresortedBuildTime<exotic_hashing::RankHash<Data>>/100000000/2,3,7,PresortedBuildTime<exotic_hashing::RankHash<Data>>/100000000/2,iteration,1,0,1,1,2855671973.899007,2853329755.0000043,ns,800000000.0,100000000.0,400000024.0,uniform
68,PresortedBuildTime<exotic_hashing::RankHash<Data>>/100/3,3,8,PresortedBuildTime<exotic_hashing::RankHash<Data>>/100/3,iteration,1,0,1,1616101,424.19854726066677,424.0114423541376,ns,800.0,100.0,424.0,fb
69,PresortedBuildTime<exotic_hashing::RankHash<Data>>/10000/3,3,9,PresortedBuildTime<exotic_hashing::RankHash<Data>>/10000/3,iteration,1,0,1,7021,102934.4449362818,102883.25081898668,ns,80000.0,10000.0,40024.0,fb
70,PresortedBuildTime<exotic_hashing::RankHash<Data>>/1000000/3,3,10,PresortedBuildTime<exotic_hashing::RankHash<Data>>/1000000/3,iteration,1,0,1,45,15797999.21148353,15787052.822222196,ns,8000000.0,1000000.0,4000024.0,fb
71,PresortedBuildTime<exotic_hashing::RankHash<Data>>/100000000/3,3,11,PresortedBuildTime<exotic_hashing::RankHash<Data>>/100000000/3,iteration,1,0,1,1,2845461186.0215664,2843064464.9999976,ns,800000000.0,100000000.0,400000024.0,fb
72,PresortedBuildTime<exotic_hashing::RankHash<Data>>/100/4,3,12,PresortedBuildTime<exotic_hashing::RankHash<Data>>/100/4,iteration,1,0,1,1654352,428.18875492948723,428.00206848361273,ns,800.0,100.0,424.0,osm
73,PresortedBuildTime<exotic_hashing::RankHash<Data>>/10000/4,3,13,PresortedBuildTime<exotic_hashing::RankHash<Data>>/10000/4,iteration,1,0,1,6935,101492.6796476877,101444.86647439483,ns,80000.0,10000.0,40024.0,osm
74,PresortedBuildTime<exotic_hashing::RankHash<Data>>/1000000/4,3,14,PresortedBuildTime<exotic_hashing::RankHash<Data>>/1000000/4,iteration,1,0,1,45,15696642.589237954,15685857.28888997,ns,8000000.0,1000000.0,4000024.0,osm
75,PresortedBuildTime<exotic_hashing::RankHash<Data>>/100000000/4,3,15,PresortedBuildTime<exotic_hashing::RankHash<Data>>/100000000/4,iteration,1,0,1,1,2847278036.1771584,2844811154.000013,ns,800000000.0,100000000.0,400000024.0,osm
76,PresortedBuildTime<exotic_hashing::RankHash<Data>>/100/5,3,16,PresortedBuildTime<exotic_hashing::RankHash<Data>>/100/5,iteration,1,0,1,1657755,428.37856748388566,428.18336786800256,ns,800.0,100.0,424.0,wiki
77,PresortedBuildTime<exotic_hashing::RankHash<Data>>/10000/5,3,17,PresortedBuildTime<exotic_hashing::RankHash<Data>>/10000/5,iteration,1,0,1,7095,100158.8960845677,100116.42917547622,ns,80000.0,10000.0,40024.0,wiki
78,PresortedBuildTime<exotic_hashing::RankHash<Data>>/1000000/5,3,18,PresortedBuildTime<exotic_hashing::RankHash<Data>>/1000000/5,iteration,1,0,1,44,16005371.316251429,15993083.56818276,ns,8000000.0,1000000.0,4000024.0,wiki
79,PresortedBuildTime<exotic_hashing::RankHash<Data>>/100000000/5,3,19,PresortedBuildTime<exotic_hashing::RankHash<Data>>/100000000/5,iteration,1,0,1,1,2620041595.7719088,2617864839.000049,ns,723496096.0,90437012.0,361748072.0,wiki
80,UnorderedBuildTime<exotic_hashing::RankHash<Data>>/100/0,4,0,UnorderedBuildTime<exotic_hashing::RankHash<Data>>/100/0,iteration,1,0,1,1454293,539.2067896076898,538.995694127603,ns,800.0,100.0,424.0,seq
81,UnorderedBuildTime<exotic_hashing::RankHash<Data>>/10000/0,4,1,UnorderedBuildTime<exotic_hashing::RankHash<Data>>/10000/0,iteration,1,0,1,1624,419443.9469098017,419224.1908867239,ns,80000.0,10000.0,40024.0,seq
82,UnorderedBuildTime<exotic_hashing::RankHash<Data>>/1000000/0,4,2,UnorderedBuildTime<exotic_hashing::RankHash<Data>>/1000000/0,iteration,1,0,1,10,65005226.992070675,64954218.90000443,ns,8000000.0,1000000.0,4000024.0,seq
83,UnorderedBuildTime<exotic_hashing::RankHash<Data>>/100000000/0,4,3,UnorderedBuildTime<exotic_hashing::RankHash<Data>>/100000000/0,iteration,1,0,1,1,9023512201.383709,9016826702.000004,ns,800000000.0,100000000.0,400000024.0,seq
84,UnorderedBuildTime<exotic_hashing::RankHash<Data>>/100/2,4,4,UnorderedBuildTime<exotic_hashing::RankHash<Data>>/100/2,iteration,1,0,1,1384638,467.3448726806794,467.1868849475116,ns,800.0,100.0,424.0,uniform
85,UnorderedBuildTime<exotic_hashing::RankHash<Data>>/10000/2,4,5,UnorderedBuildTime<exotic_hashing::RankHash<Data>>/10000/2,iteration,1,0,1,1659,427245.04959087475,427061.4327908696,ns,80000.0,10000.0,40024.0,uniform
86,UnorderedBuildTime<exotic_hashing::RankHash<Data>>/1000000/2,4,6,UnorderedBuildTime<exotic_hashing::RankHash<Data>>/1000000/2,iteration,1,0,1,10,64338938.891887665,64297803.50000556,ns,8000000.0,1000000.0,4000024.0,uniform
87,UnorderedBuildTime<exotic_hashing::RankHash<Data>>/100000000/2,4,7,UnorderedBuildTime<exotic_hashing::RankHash<Data>>/100000000/2,iteration,1,0,1,1,8988551368.936897,8981988489.999935,ns,800000000.0,100000000.0,400000024.0,uniform
88,UnorderedBuildTime<exotic_hashing::RankHash<Data>>/100/3,4,8,UnorderedBuildTime<exotic_hashing::RankHash<Data>>/100/3,iteration,1,0,1,1337270,503.29866458740895,503.0899190141092,ns,800.0,100.0,424.0,fb
89,UnorderedBuildTime<exotic_hashing::RankHash<Data>>/10000/3,4,9,UnorderedBuildTime<exotic_hashing::RankHash<Data>>/10000/3,iteration,1,0,1,1629,427217.0895407579,426974.6525476082,ns,80000.0,10000.0,40024.0,fb
90,UnorderedBuildTime<exotic_hashing::RankHash<Data>>/1000000/3,4,10,UnorderedBuildTime<exotic_hashing::RankHash<Data>>/1000000/3,iteration,1,0,1,10,65407789.12603855,65363757.800014354,ns,8000000.0,1000000.0,4000024.0,fb
91,UnorderedBuildTime<exotic_hashing::RankHash<Data>>/100000000/3,4,11,UnorderedBuildTime<exotic_hashing::RankHash<Data>>/100000000/3,iteration,1,0,1,1,8993903344.497086,8987438261.00008,ns,800000000.0,100000000.0,400000024.0,fb
92,UnorderedBuildTime<exotic_hashing::RankHash<Data>>/100/4,4,12,UnorderedBuildTime<exotic_hashing::RankHash<Data>>/100/4,iteration,1,0,1,1272404,456.59991018573527,456.40008912267695,ns,800.0,100.0,424.0,osm
93,UnorderedBuildTime<exotic_hashing::RankHash<Data>>/10000/4,4,13,UnorderedBuildTime<exotic_hashing::RankHash<Data>>/10000/4,iteration,1,0,1,1628,418101.42251614854,417935.63329231844,ns,80000.0,10000.0,40024.0,osm
94,UnorderedBuildTime<exotic_hashing::RankHash<Data>>/1000000/4,4,14,UnorderedBuildTime<exotic_hashing::RankHash<Data>>/1000000/4,iteration,1,0,1,10,64521613.15828562,64471711.80000168,ns,8000000.0,1000000.0,4000024.0,osm
95,UnorderedBuildTime<exotic_hashing::RankHash<Data>>/100000000/4,4,15,UnorderedBuildTime<exotic_hashing::RankHash<Data>>/100000000/4,iteration,1,0,1,1,8951848588.883877,8945112199.999813,ns,800000000.0,100000000.0,400000024.0,osm
96,UnorderedBuildTime<exotic_hashing::RankHash<Data>>/100/5,4,16,UnorderedBuildTime<exotic_hashing::RankHash<Data>>/100/5,iteration,1,0,1,1392507,472.51821076717573,472.2710758366571,ns,800.0,100.0,424.0,wiki
97,UnorderedBuildTime<exotic_hashing::RankHash<Data>>/10000/5,4,17,UnorderedBuildTime<exotic_hashing::RankHash<Data>>/10000/5,iteration,1,0,1,1659,418308.09612889256,418111.0964435562,ns,80000.0,10000.0,40024.0,wiki
98,UnorderedBuildTime<exotic_hashing::RankHash<Data>>/1000000/5,4,18,UnorderedBuildTime<exotic_hashing::RankHash<Data>>/1000000/5,iteration,1,0,1,10,64121903.106570244,64078854.80000459,ns,8000000.0,1000000.0,4000024.0,wiki
99,UnorderedBuildTime<exotic_hashing::RankHash<Data>>/100000000/5,4,19,UnorderedBuildTime<exotic_hashing::RankHash<Data>>/100000000/5,iteration,1,0,1,1,8085602680.2212,8079580070.00002,ns,723496096.0,90437012.0,361748072.0,wiki
100,LookupTime<exotic_hashing::RankHash<Data>>/100/0,5,0,LookupTime<exotic_hashing::RankHash<Data>>/100/0,iteration,1,0,1,113791515,6.122211357948566,6.119378189139801,ns,800.0,100.0,424.0,seq
101,LookupTime<exotic_hashing::RankHash<Data>>/10000/0,5,1,LookupTime<exotic_hashing::RankHash<Data>>/10000/0,iteration,1,0,1,11234795,63.022378646548475,62.99712518118811,ns,80000.0,10000.0,40024.0,seq
102,LookupTime<exotic_hashing::RankHash<Data>>/1000000/0,5,2,LookupTime<exotic_hashing::RankHash<Data>>/1000000/0,iteration,1,0,1,5115065,137.63757195532338,137.54829117521442,ns,8000000.0,1000000.0,4000024.0,seq
103,LookupTime<exotic_hashing::RankHash<Data>>/100000000/0,5,3,LookupTime<exotic_hashing::RankHash<Data>>/100000000/0,iteration,1,0,1,1519433,459.2611757951267,458.7990789985182,ns,800000000.0,100000000.0,400000024.0,seq
104,LookupTime<exotic_hashing::RankHash<Data>>/100/2,5,4,LookupTime<exotic_hashing::RankHash<Data>>/100/2,iteration,1,0,1,117760043,5.961460894262805,5.959075473503568,ns,800.0,100.0,424.0,uniform
105,LookupTime<exotic_hashing::RankHash<Data>>/10000/2,5,5,LookupTime<exotic_hashing::RankHash<Data>>/10000/2,iteration,1,0,1,11236639,63.15099521490038,63.11947282458052,ns,80000.0,10000.0,40024.0,uniform
106,LookupTime<exotic_hashing::RankHash<Data>>/1000000/2,5,6,LookupTime<exotic_hashing::RankHash<Data>>/1000000/2,iteration,1,0,1,5126740,138.1088661924624,138.00675224408843,ns,8000000.0,1000000.0,4000024.0,uniform
107,LookupTime<exotic_hashing::RankHash<Data>>/100000000/2,5,7,LookupTime<exotic_hashing::RankHash<Data>>/100000000/2,iteration,1,0,1,1519076,460.2726118132159,459.86619760957313,ns,800000000.0,100000000.0,400000024.0,uniform
108,LookupTime<exotic_hashing::RankHash<Data>>/100/3,5,8,LookupTime<exotic_hashing::RankHash<Data>>/100/3,iteration,1,0,1,110960091,5.919572732037597,5.917303177049654,ns,800.0,100.0,424.0,fb
109,LookupTime<exotic_hashing::RankHash<Data>>/10000/3,5,9,LookupTime<exotic_hashing::RankHash<Data>>/10000/3,iteration,1,0,1,11244237,63.03768535175917,63.01024871674034,ns,80000.0,10000.0,40024.0,fb
110,LookupTime<exotic_hashing::RankHash<Data>>/1000000/3,5,10,LookupTime<exotic_hashing::RankHash<Data>>/1000000/3,iteration,1,0,1,5068757,139.0609697832104,138.962762862747,ns,8000000.0,1000000.0,4000024.0,fb
111,LookupTime<exotic_hashing::RankHash<Data>>/100000000/3,5,11,LookupTime<exotic_hashing::RankHash<Data>>/100000000/3,iteration,1,0,1,1519457,467.57164056843226,467.1299648493511,ns,800000000.0,100000000.0,400000024.0,fb
112,LookupTime<exotic_hashing::RankHash<Data>>/100/4,5,12,LookupTime<exotic_hashing::RankHash<Data>>/100/4,iteration,1,0,1,117297274,5.927649547742421,5.924999689249858,ns,800.0,100.0,424.0,osm
113,LookupTime<exotic_hashing::RankHash<Data>>/10000/4,5,13,LookupTime<exotic_hashing::RankHash<Data>>/10000/4,iteration,1,0,1,11247065,62.96759149256275,62.93810972017651,ns,80000.0,10000.0,40024.0,osm
114,LookupTime<exotic_hashing::RankHash<Data>>/1000000/4,5,14,LookupTime<exotic_hashing::RankHash<Data>>/1000000/4,iteration,1,0,1,5119654,138.39240360690553,138.30436607631407,ns,8000000.0,1000000.0,4000024.0,osm
115,LookupTime<exotic_hashing::RankHash<Data>>/100000000/4,5,15,LookupTime<exotic_hashing::RankHash<Data>>/100000000/4,iteration,1,0,1,1503888,463.5483355305686,463.14597629609375,ns,800000000.0,100000000.0,400000024.0,osm
116,LookupTime<exotic_hashing::RankHash<Data>>/100/5,5,16,LookupTime<exotic_hashing::RankHash<Data>>/100/5,iteration,1,0,1,117055402,5.955976650320795,5.952752218987388,ns,800.0,100.0,424.0,wiki
117,LookupTime<exotic_hashing::RankHash<Data>>/10000/5,5,17,LookupTime<exotic_hashing::RankHash<Data>>/10000/5,iteration,1,0,1,11260794,63.56645084003138,63.53544741162921,ns,80000.0,10000.0,40024.0,wiki
118,LookupTime<exotic_hashing::RankHash<Data>>/1000000/5,5,18,LookupTime<exotic_hashing::RankHash<Data>>/1000000/5,iteration,1,0,1,5109068,138.74171098124157,138.6472888988992,ns,8000000.0,1000000.0,4000024.0,wiki
119,LookupTime<exotic_hashing::RankHash<Data>>/100000000/5,5,19,LookupTime<exotic_hashing::RankHash<Data>>/100000000/5,iteration,1,0,1,1549104,451.6896895749464,451.2209806442841,ns,723496096.0,90437012.0,361748072.0,wiki
120,PresortedBuildTime<exotic_hashing::RecSplit<Data>>/100/0,6,0,PresortedBuildTime<exotic_hashing::RecSplit<Data>>/100/0,iteration,1,0,1,555,1271360.1628133843,1270733.6594594216,ns,800.0,100.0,36.0,seq
121,PresortedBuildTime<exotic_hashing::RecSplit<Data>>/10000/0,6,1,PresortedBuildTime<exotic_hashing::RecSplit<Data>>/10000/0,iteration,1,0,1,8,91753846.03440762,91716162.00001153,ns,80000.0,10000.0,2770.0,seq
122,PresortedBuildTime<exotic_hashing::RecSplit<Data>>/1000000/0,6,2,PresortedBuildTime<exotic_hashing::RecSplit<Data>>/1000000/0,iteration,1,0,1,1,8923739831.894636,8919642892.999945,ns,8000000.0,1000000.0,277316.0,seq
123,PresortedBuildTime<exotic_hashing::RecSplit<Data>>/100000000/0,6,3,PresortedBuildTime<exotic_hashing::RecSplit<Data>>/100000000/0,iteration,1,0,1,1,890010817063.9724,889623966787.9998,ns,800000000.0,100000000.0,27738820.0,seq
124,PresortedBuildTime<exotic_hashing::RecSplit<Data>>/100/2,6,4,PresortedBuildTime<exotic_hashing::RecSplit<Data>>/100/2,iteration,1,0,1,1234,569940.419381596,569637.5494328148,ns,800.0,100.0,32.0,uniform
125,PresortedBuildTime<exotic_hashing::RecSplit<Data>>/10000/2,6,5,PresortedBuildTime<exotic_hashing::RecSplit<Data>>/10000/2,iteration,1,0,1,8,84304727.61392593,84261301.99995896,ns,80000.0,10000.0,2761.0,uniform
126,PresortedBuildTime<exotic_hashing::RecSplit<Data>>/1000000/2,6,6,PresortedBuildTime<exotic_hashing::RecSplit<Data>>/1000000/2,iteration,1,0,1,1,8858363617.21158,8854342007.000013,ns,8000000.0,1000000.0,277456.0,uniform
127,PresortedBuildTime<exotic_hashing::RecSplit<Data>>/100000000/2,6,7,PresortedBuildTime<exotic_hashing::RecSplit<Data>>/100000000/2,iteration,1,0,1,1,888944813052.1924,888563922586.0005,ns,800000000.0,100000000.0,27740387.0,uniform
128,PresortedBuildTime<exotic_hashing::RecSplit<Data>>/100/3,6,8,PresortedBuildTime<exotic_hashing::RecSplit<Data>>/100/3,iteration,1,0,1,1452,487315.5198026623,487047.9063358975,ns,800.0,100.0,34.0,fb
129,PresortedBuildTime<exotic_hashing::RecSplit<Data>>/10000/3,6,9,PresortedBuildTime<exotic_hashing::RecSplit<Data>>/10000/3,iteration,1,0,1,8,91134116.05358124,91087514.50003183,ns,80000.0,10000.0,2766.0,fb
130,PresortedBuildTime<exotic_hashing::RecSplit<Data>>/1000000/3,6,10,PresortedBuildTime<exotic_hashing::RecSplit<Data>>/1000000/3,iteration,1,0,1,1,8855302495.881916,8851304859.9998,ns,8000000.0,1000000.0,277442.0,fb
131,PresortedBuildTime<exotic_hashing::RecSplit<Data>>/100000000/3,6,11,PresortedBuildTime<exotic_hashing::RecSplit<Data>>/100000000/3,iteration,1,0,1,1,888451276646.927,888053422288.0005,ns,800000000.0,100000000.0,27737672.0,fb
132,PresortedBuildTime<exotic_hashing::RecSplit<Data>>/100/4,6,12,PresortedBuildTime<exotic_hashing::RecSplit<Data>>/100/4,iteration,1,0,1,984,711844.2553905695,711529.7093496412,ns,800.0,100.0,36.0,osm
133,PresortedBuildTime<exotic_hashing::RecSplit<Data>>/10000/4,6,13,PresortedBuildTime<exotic_hashing::RecSplit<Data>>/10000/4,iteration,1,0,1,8,92342365.99877477,92298995.12502016,ns,80000.0,10000.0,2765.0,osm
134,PresortedBuildTime<exotic_hashing::RecSplit<Data>>/1000000/4,6,14,PresortedBuildTime<exotic_hashing::RecSplit<Data>>/1000000/4,iteration,1,0,1,1,8863222587.85367,8859231921.000174,ns,8000000.0,1000000.0,277453.0,osm
135,PresortedBuildTime<exotic_hashing::RecSplit<Data>>/100000000/4,6,15,PresortedBuildTime<exotic_hashing::RecSplit<Data>>/100000000/4,iteration,1,0,1,1,889248897345.7366,888860386643.9999,ns,800000000.0,100000000.0,27739308.0,osm
136,PresortedBuildTime<exotic_hashing::RecSplit<Data>>/100/5,6,16,PresortedBuildTime<exotic_hashing::RecSplit<Data>>/100/5,iteration,1,0,1,1186,588627.8792110101,588386.2672840492,ns,800.0,100.0,36.0,wiki
137,PresortedBuildTime<exotic_hashing::RecSplit<Data>>/10000/5,6,17,PresortedBuildTime<exotic_hashing::RecSplit<Data>>/10000/5,iteration,1,0,1,8,85149649.0649879,85110806.62492532,ns,80000.0,10000.0,2772.0,wiki
138,PresortedBuildTime<exotic_hashing::RecSplit<Data>>/1000000/5,6,18,PresortedBuildTime<exotic_hashing::RecSplit<Data>>/1000000/5,iteration,1,0,1,1,8818265866.488218,8814197706.000414,ns,8000000.0,1000000.0,277383.0,wiki
139,PresortedBuildTime<exotic_hashing::RecSplit<Data>>/100000000/5,6,19,PresortedBuildTime<exotic_hashing::RecSplit<Data>>/100000000/5,iteration,1,0,1,1,804014510182.6638,803670974525.9995,ns,723496096.0,90437012.0,25084731.0,wiki
140,UnorderedBuildTime<exotic_hashing::RecSplit<Data>>/100/0,7,0,UnorderedBuildTime<exotic_hashing::RecSplit<Data>>/100/0,iteration,1,0,1,557,1264181.9946374244,1263583.1597866826,ns,800.0,100.0,36.0,seq
141,UnorderedBuildTime<exotic_hashing::RecSplit<Data>>/10000/0,7,1,UnorderedBuildTime<exotic_hashing::RecSplit<Data>>/10000/0,iteration,1,0,1,8,91110572.91738689,91056649.25004931,ns,80000.0,10000.0,2770.0,seq
142,UnorderedBuildTime<exotic_hashing::RecSplit<Data>>/1000000/0,7,2,UnorderedBuildTime<exotic_hashing::RecSplit<Data>>/1000000/0,iteration,1,0,1,1,8910107608.884573,8906176970.998785,ns,8000000.0,1000000.0,277316.0,seq
143,UnorderedBuildTime<exotic_hashing::RecSplit<Data>>/100000000/0,7,3,UnorderedBuildTime<exotic_hashing::RecSplit<Data>>/100000000/0,iteration,1,0,1,1,888661302613.0945,888280658553.0016,ns,800000000.0,100000000.0,27738820.0,seq
144,UnorderedBuildTime<exotic_hashing::RecSplit<Data>>/100/2,7,4,UnorderedBuildTime<exotic_hashing::RecSplit<Data>>/100/2,iteration,1,0,1,1236,573279.8650499107,572969.615696264,ns,800.0,100.0,32.0,uniform
145,UnorderedBuildTime<exotic_hashing::RecSplit<Data>>/10000/2,7,5,UnorderedBuildTime<exotic_hashing::RecSplit<Data>>/10000/2,iteration,1,0,1,8,84079911.9323492,84040252.3749617,ns,80000.0,10000.0,2761.0,uniform
146,UnorderedBuildTime<exotic_hashing::RecSplit<Data>>/1000000/2,7,6,UnorderedBuildTime<exotic_hashing::RecSplit<Data>>/1000000/2,iteration,1,0,1,1,8868584956.973791,8864498378.999996,ns,8000000.0,1000000.0,277456.0,uniform
147,UnorderedBuildTime<exotic_hashing::RecSplit<Data>>/100000000/2,7,7,UnorderedBuildTime<exotic_hashing::RecSplit<Data>>/100000000/2,iteration,1,0,1,1,888823072008.7886,888438776884.0006,ns,800000000.0,100000000.0,27740387.0,uniform
148,UnorderedBuildTime<exotic_hashing::RecSplit<Data>>/100/3,7,8,UnorderedBuildTime<exotic_hashing::RecSplit<Data>>/100/3,iteration,1,0,1,1443,487244.7350891778,486999.56410374894,ns,800.0,100.0,34.0,fb
149,UnorderedBuildTime<exotic_hashing::RecSplit<Data>>/10000/3,7,9,UnorderedBuildTime<exotic_hashing::RecSplit<Data>>/10000/3,iteration,1,0,1,8,90995293.57627034,90951832.37491256,ns,80000.0,10000.0,2766.0,fb
150,UnorderedBuildTime<exotic_hashing::RecSplit<Data>>/1000000/3,7,10,UnorderedBuildTime<exotic_hashing::RecSplit<Data>>/1000000/3,iteration,1,0,1,1,8879828937.351704,8875769354.999647,ns,8000000.0,1000000.0,277442.0,fb
151,UnorderedBuildTime<exotic_hashing::RecSplit<Data>>/100000000/3,7,11,UnorderedBuildTime<exotic_hashing::RecSplit<Data>>/100000000/3,iteration,1,0,1,1,888284925872.46,887909939859.9993,ns,800000000.0,100000000.0,27737672.0,fb
152,UnorderedBuildTime<exotic_hashing::RecSplit<Data>>/100/4,7,12,UnorderedBuildTime<exotic_hashing::RecSplit<Data>>/100/4,iteration,1,0,1,984,712181.5853487186,711845.6310974313,ns,800.0,100.0,36.0,osm
153,UnorderedBuildTime<exotic_hashing::RecSplit<Data>>/10000/4,7,13,UnorderedBuildTime<exotic_hashing::RecSplit<Data>>/10000/4,iteration,1,0,1,8,91849575.28486848,91799142.37506637,ns,80000.0,10000.0,2765.0,osm
154,UnorderedBuildTime<exotic_hashing::RecSplit<Data>>/1000000/4,7,14,UnorderedBuildTime<exotic_hashing::RecSplit<Data>>/1000000/4,iteration,1,0,1,1,8839818820.357323,8835960325.999622,ns,8000000.0,1000000.0,277453.0,osm
155,UnorderedBuildTime<exotic_hashing::RecSplit<Data>>/100000000/4,7,15,UnorderedBuildTime<exotic_hashing::RecSplit<Data>>/100000000/4,iteration,1,0,1,1,886711671249.941,886336756195.0017,ns,800000000.0,100000000.0,27739308.0,osm
156,UnorderedBuildTime<exotic_hashing::RecSplit<Data>>/100/5,7,16,UnorderedBuildTime<exotic_hashing::RecSplit<Data>>/100/5,iteration,1,0,1,1204,592684.9023497778,592419.2840534926,ns,800.0,100.0,36.0,wiki
157,UnorderedBuildTime<exotic_hashing::RecSplit<Data>>/10000/5,7,17,UnorderedBuildTime<exotic_hashing::RecSplit<Data>>/10000/5,iteration,1,0,1,8,84837100.93423724,84794598.3750833,ns,80000.0,10000.0,2772.0,wiki
158,UnorderedBuildTime<exotic_hashing::RecSplit<Data>>/1000000/5,7,18,UnorderedBuildTime<exotic_hashing::RecSplit<Data>>/1000000/5,iteration,1,0,1,1,8797463228.926064,8793540546.001167,ns,8000000.0,1000000.0,277383.0,wiki
159,UnorderedBuildTime<exotic_hashing::RecSplit<Data>>/100000000/5,7,19,UnorderedBuildTime<exotic_hashing::RecSplit<Data>>/100000000/5,iteration,1,0,1,1,802309063160.792,801969939921.0004,ns,723496096.0,90437012.0,25084731.0,wiki
160,LookupTime<exotic_hashing::RecSplit<Data>>/100/0,8,0,LookupTime<exotic_hashing::RecSplit<Data>>/100/0,iteration,1,0,1,19098010,36.93113534863516,36.915091624764464,ns,800.0,100.0,36.0,seq
161,LookupTime<exotic_hashing::RecSplit<Data>>/10000/0,8,1,LookupTime<exotic_hashing::RecSplit<Data>>/10000/0,iteration,1,0,1,12441301,57.137628342644895,57.113619548570966,ns,80000.0,10000.0,2770.0,seq
162,LookupTime<exotic_hashing::RecSplit<Data>>/1000000/0,8,2,LookupTime<exotic_hashing::RecSplit<Data>>/1000000/0,iteration,1,0,1,11658059,60.11553357578519,60.08633058048213,ns,8000000.0,1000000.0,277316.0,seq
163,LookupTime<exotic_hashing::RecSplit<Data>>/100000000/0,8,3,LookupTime<exotic_hashing::RecSplit<Data>>/100000000/0,iteration,1,0,1,4841086,130.07832887175957,129.98052647680078,ns,800000000.0,100000000.0,27738820.0,seq
164,LookupTime<exotic_hashing::RecSplit<Data>>/100/2,8,4,LookupTime<exotic_hashing::RecSplit<Data>>/100/2,iteration,1,0,1,18604071,36.68839930887892,36.672174170895886,ns,800.0,100.0,32.0,uniform
165,LookupTime<exotic_hashing::RecSplit<Data>>/10000/2,8,5,LookupTime<exotic_hashing::RecSplit<Data>>/10000/2,iteration,1,0,1,12262439,57.209083451204776,57.18592475770822,ns,80000.0,10000.0,2761.0,uniform
166,LookupTime<exotic_hashing::RecSplit<Data>>/1000000/2,8,6,LookupTime<exotic_hashing::RecSplit<Data>>/1000000/2,iteration,1,0,1,11597533,60.22707067470848,60.200217839390156,ns,8000000.0,1000000.0,277456.0,uniform
167,LookupTime<exotic_hashing::RecSplit<Data>>/100000000/2,8,7,LookupTime<exotic_hashing::RecSplit<Data>>/100000000/2,iteration,1,0,1,4794240,135.30229631002766,135.1994140881562,ns,800000000.0,100000000.0,27740387.0,uniform
168,LookupTime<exotic_hashing::RecSplit<Data>>/100/3,8,8,LookupTime<exotic_hashing::RecSplit<Data>>/100/3,iteration,1,0,1,18242024,38.550567617448806,38.531481813379614,ns,800.0,100.0,34.0,fb
169,LookupTime<exotic_hashing::RecSplit<Data>>/10000/3,8,9,LookupTime<exotic_hashing::RecSplit<Data>>/10000/3,iteration,1,0,1,11967233,58.83333574392431,58.80880358885312,ns,80000.0,10000.0,2766.0,fb
170,LookupTime<exotic_hashing::RecSplit<Data>>/1000000/3,8,10,LookupTime<exotic_hashing::RecSplit<Data>>/1000000/3,iteration,1,0,1,11652938,60.87976954902933,60.84706509191964,ns,8000000.0,1000000.0,277442.0,fb
171,LookupTime<exotic_hashing::RecSplit<Data>>/100000000/3,8,11,LookupTime<exotic_hashing::RecSplit<Data>>/100000000/3,iteration,1,0,1,4728409,137.49218167606156,137.3929042516538,ns,800000000.0,100000000.0,27737672.0,fb
172,LookupTime<exotic_hashing::RecSplit<Data>>/100/4,8,12,LookupTime<exotic_hashing::RecSplit<Data>>/100/4,iteration,1,0,1,18209356,38.46542894650271,38.446985110168455,ns,800.0,100.0,36.0,osm
173,LookupTime<exotic_hashing::RecSplit<Data>>/10000/4,8,13,LookupTime<exotic_hashing::RecSplit<Data>>/10000/4,iteration,1,0,1,12336987,57.65835111414825,57.63541900490957,ns,80000.0,10000.0,2765.0,osm
174,LookupTime<exotic_hashing::RecSplit<Data>>/1000000/4,8,14,LookupTime<exotic_hashing::RecSplit<Data>>/1000000/4,iteration,1,0,1,11642125,60.62376951888972,60.59093395721252,ns,8000000.0,1000000.0,277453.0,osm
175,LookupTime<exotic_hashing::RecSplit<Data>>/100000000/4,8,15,LookupTime<exotic_hashing::RecSplit<Data>>/100000000/4,iteration,1,0,1,4960078,127.66413328506188,127.55395197462948,ns,800000000.0,100000000.0,27739308.0,osm
176,LookupTime<exotic_hashing::RecSplit<Data>>/100/5,8,16,LookupTime<exotic_hashing::RecSplit<Data>>/100/5,iteration,1,0,1,18255960,38.53209030133918,38.515996365153775,ns,800.0,100.0,36.0,wiki
177,LookupTime<exotic_hashing::RecSplit<Data>>/10000/5,8,17,LookupTime<exotic_hashing::RecSplit<Data>>/10000/5,iteration,1,0,1,12276854,57.91626802961379,57.89389561803066,ns,80000.0,10000.0,2772.0,wiki
178,LookupTime<exotic_hashing::RecSplit<Data>>/1000000/5,8,18,LookupTime<exotic_hashing::RecSplit<Data>>/1000000/5,iteration,1,0,1,10463008,59.9335298357041,59.90724053723865,ns,8000000.0,1000000.0,277383.0,wiki
179,LookupTime<exotic_hashing::RecSplit<Data>>/100000000/5,8,19,LookupTime<exotic_hashing::RecSplit<Data>>/100000000/5,iteration,1,0,1,5192207,121.53241732635496,121.43170909733452,ns,723496096.0,90437012.0,25084731.0,wiki
180,PresortedBuildTime<CompactTrie>/100/0,9,0,PresortedBuildTime<CompactTrie>/100/0,iteration,1,0,1,24225,28929.584289605897,28916.291434616254,ns,800.0,100.0,20917.0,seq
181,PresortedBuildTime<CompactTrie>/10000/0,9,1,PresortedBuildTime<CompactTrie>/10000/0,iteration,1,0,1,205,3445861.9428843986,3443631.4926829147,ns,80000.0,10000.0,2099917.0,seq
182,PresortedBuildTime<CompactTrie>/1000000/0,9,2,PresortedBuildTime<CompactTrie>/1000000/0,iteration,1,0,1,2,467542340.0476575,467191447.00182366,ns,8000000.0,1000000.0,209999916.0,seq
183,PresortedBuildTime<CompactTrie>/100000000/0,9,3,PresortedBuildTime<CompactTrie>/100000000/0,iteration,1,0,1,1,60888200538.232925,60844760230.000244,ns,800000000.0,100000000.0,20999999915.0,seq
184,PresortedBuildTime<CompactTrie>/100/2,9,4,PresortedBuildTime<CompactTrie>/100/2,iteration,1,0,1,9789,54668.9728758822,54643.75768688143,ns,800.0,100.0,21574.0,uniform
185,PresortedBuildTime<CompactTrie>/10000/2,9,5,PresortedBuildTime<CompactTrie>/10000/2,iteration,1,0,1,103,7018576.276678483,7010153.65046666,ns,80000.0,10000.0,2158572.0,uniform
186,PresortedBuildTime<CompactTrie>/1000000/2,9,6,PresortedBuildTime<CompactTrie>/1000000/2,iteration,1,0,1,1,757141500.711441,756229584.0034494,ns,8000000.0,1000000.0,214944590.0,uniform
187,PresortedBuildTime<CompactTrie>/100000000/2,9,7,PresortedBuildTime<CompactTrie>/100000000/2,iteration,1,0,1,1,73825589720.15977,73743182639.99886,ns,800000000.0,100000000.0,21400211759.0,uniform
188,PresortedBuildTime<CompactTrie>/100/3,9,8,PresortedBuildTime<CompactTrie>/100/3,iteration,1,0,1,18566,36280.05554250868,36247.41953012052,ns,800.0,100.0,21213.0,fb
189,PresortedBuildTime<CompactTrie>/10000/3,9,9,PresortedBuildTime<CompactTrie>/10000/3,iteration,1,0,1,138,5174184.0020901915,5168518.159431794,ns,80000.0,10000.0,2120945.0,fb
190,PresortedBuildTime<CompactTrie>/1000000/3,9,10,PresortedBuildTime<CompactTrie>/1000000/3,iteration,1,0,1,1,564344018.6977386,563737452.9978843,ns,8000000.0,1000000.0,211216074.0,fb
191,PresortedBuildTime<CompactTrie>/100000000/3,9,11,PresortedBuildTime<CompactTrie>/100000000/3,iteration,1,0,1,1,55621054716.40825,55556236126.99856,ns,800000000.0,100000000.0,21026526889.0,fb
192,PresortedBuildTime<CompactTrie>/100/4,9,12,PresortedBuildTime<CompactTrie>/100/4,iteration,1,0,1,13428,53250.057734316004,53198.202636244896,ns,800.0,100.0,21511.0,osm
193,PresortedBuildTime<CompactTrie>/10000/4,9,13,PresortedBuildTime<CompactTrie>/10000/4,iteration,1,0,1,106,6651900.216655911,6643402.000025951,ns,80000.0,10000.0,2150471.0,osm
194,PresortedBuildTime<CompactTrie>/1000000/4,9,14,PresortedBuildTime<CompactTrie>/1000000/4,iteration,1,0,1,1,718797560.7812405,718219788.9997041,ns,8000000.0,1000000.0,214098702.0,osm
195,PresortedBuildTime<CompactTrie>/100000000/4,9,15,PresortedBuildTime<CompactTrie>/100000000/4,iteration,1,0,1,1,72323728123.67976,72239606714.0071,ns,800000000.0,100000000.0,21323724543.0,osm
196,PresortedBuildTime<CompactTrie>/100/5,9,16,PresortedBuildTime<CompactTrie>/100/5,iteration,1,0,1,21234,33730.58872634076,33697.96816419109,ns,800.0,100.0,21110.0,wiki
197,PresortedBuildTime<CompactTrie>/10000/5,9,17,PresortedBuildTime<CompactTrie>/10000/5,iteration,1,0,1,154,4657020.756079779,4653557.681797191,ns,80000.0,10000.0,2110158.0,wiki
198,PresortedBuildTime<CompactTrie>/1000000/5,9,18,PresortedBuildTime<CompactTrie>/1000000/5,iteration,1,0,1,1,516511444.0023899,515671315.9958599,ns,8000000.0,1000000.0,210164489.0,wiki
199,PresortedBuildTime<CompactTrie>/100000000/5,9,19,PresortedBuildTime<CompactTrie>/100000000/5,iteration,1,0,1,1,52606817722.32056,52546108548.00558,ns,723496096.0,90437012.0,18991808356.0,wiki
200,UnorderedBuildTime<CompactTrie>/100/0,10,0,UnorderedBuildTime<CompactTrie>/100/0,iteration,1,0,1,22664,31335.847984842938,31304.995764308238,ns,800.0,100.0,20917.0,seq
201,UnorderedBuildTime<CompactTrie>/10000/0,10,1,UnorderedBuildTime<CompactTrie>/10000/0,iteration,1,0,1,124,5702956.834988248,5698178.943578481,ns,80000.0,10000.0,2099917.0,seq
202,UnorderedBuildTime<CompactTrie>/1000000/0,10,2,UnorderedBuildTime<CompactTrie>/1000000/0,iteration,1,0,1,1,1510574001.8188953,1508351336.9972935,ns,8000000.0,1000000.0,209999916.0,seq
203,UnorderedBuildTime<CompactTrie>/100000000/0,10,3,UnorderedBuildTime<CompactTrie>/100000000/0,iteration,1,0,1,1,300571203488.85657,300166331036.9986,ns,800000000.0,100000000.0,20999999915.0,seq
204,UnorderedBuildTime<CompactTrie>/100/2,10,4,UnorderedBuildTime<CompactTrie>/100/2,iteration,1,0,1,11291,64274.25310806202,64198.425471765244,ns,800.0,100.0,21574.0,uniform
205,UnorderedBuildTime<CompactTrie>/10000/2,10,5,UnorderedBuildTime<CompactTrie>/10000/2,iteration,1,0,1,72,9727878.625401191,9715711.43064567,ns,80000.0,10000.0,2158572.0,uniform
206,UnorderedBuildTime<CompactTrie>/1000000/2,10,6,UnorderedBuildTime<CompactTrie>/1000000/2,iteration,1,0,1,1,1907710064.202547,1905096390.0008354,ns,8000000.0,1000000.0,214944590.0,uniform
207,UnorderedBuildTime<CompactTrie>/100000000/2,10,7,UnorderedBuildTime<CompactTrie>/100000000/2,iteration,1,0,1,1,337175384441.3906,336754349520.9975,ns,800000000.0,100000000.0,21400211759.0,uniform
208,UnorderedBuildTime<CompactTrie>/100/3,10,8,UnorderedBuildTime<CompactTrie>/100/3,iteration,1,0,1,17021,41636.98726784265,41591.23253598549,ns,800.0,100.0,21213.0,fb
209,UnorderedBuildTime<CompactTrie>/10000/3,10,9,UnorderedBuildTime<CompactTrie>/10000/3,iteration,1,0,1,83,7664093.455995422,7654734.795137466,ns,80000.0,10000.0,2120945.0,fb
210,UnorderedBuildTime<CompactTrie>/1000000/3,10,10,UnorderedBuildTime<CompactTrie>/1000000/3,iteration,1,0,1,1,1676422614.6042347,1674080396.995123,ns,8000000.0,1000000.0,211216074.0,fb
211,UnorderedBuildTime<CompactTrie>/100000000/3,10,11,UnorderedBuildTime<CompactTrie>/100000000/3,iteration,1,0,1,1,353694837803.02106,353252675340.0016,ns,800000000.0,100000000.0,21026526889.0,fb
212,UnorderedBuildTime<CompactTrie>/100/4,10,12,UnorderedBuildTime<CompactTrie>/100/4,iteration,1,0,1,11280,60752.17718826541,60719.88918396115,ns,800.0,100.0,21511.0,osm
213,UnorderedBuildTime<CompactTrie>/10000/4,10,13,UnorderedBuildTime<CompactTrie>/10000/4,iteration,1,0,1,72,9886146.859369345,9878230.680543413,ns,80000.0,10000.0,2150471.0,osm
214,UnorderedBuildTime<CompactTrie>/1000000/4,10,14,UnorderedBuildTime<CompactTrie>/1000000/4,iteration,1,0,1,1,2019908221.438527,2018012761.0001364,ns,8000000.0,1000000.0,214098702.0,osm
215,UnorderedBuildTime<CompactTrie>/100000000/4,10,15,UnorderedBuildTime<CompactTrie>/100000000/4,iteration,1,0,1,1,363537457305.938,363136166611.9992,ns,800000000.0,100000000.0,21323724543.0,osm
216,UnorderedBuildTime<CompactTrie>/100/5,10,16,UnorderedBuildTime<CompactTrie>/100/5,iteration,1,0,1,18274,36752.1913717061,36735.45359540598,ns,800.0,100.0,21110.0,wiki
217,UnorderedBuildTime<CompactTrie>/10000/5,10,17,UnorderedBuildTime<CompactTrie>/10000/5,iteration,1,0,1,101,7068479.507423864,7063287.346537968,ns,80000.0,10000.0,2110158.0,wiki
218,UnorderedBuildTime<CompactTrie>/1000000/5,10,18,UnorderedBuildTime<CompactTrie>/1000000/5,iteration,1,0,1,1,1604408204.5555115,1603000923.9984794,ns,8000000.0,1000000.0,210164489.0,wiki
219,UnorderedBuildTime<CompactTrie>/100000000/5,10,19,UnorderedBuildTime<CompactTrie>/100000000/5,iteration,1,0,1,1,267085565486.92285,266849454695.00235,ns,723496096.0,90437012.0,18991808356.0,wiki
220,LookupTime<CompactTrie>/100/0,11,0,LookupTime<CompactTrie>/100/0,iteration,1,0,1,3474027,205.61354701592356,205.5074413652589,ns,800.0,100.0,20917.0,seq
221,LookupTime<CompactTrie>/10000/0,11,1,LookupTime<CompactTrie>/10000/0,iteration,1,0,1,2268308,320.61332313276995,320.39340468456356,ns,80000.0,10000.0,2099917.0,seq
222,LookupTime<CompactTrie>/1000000/0,11,2,LookupTime<CompactTrie>/1000000/0,iteration,1,0,1,592954,1217.626347986219,1216.3210485109307,ns,8000000.0,1000000.0,209999916.0,seq
223,LookupTime<CompactTrie>/100000000/0,11,3,LookupTime<CompactTrie>/100000000/0,iteration,1,0,1,273056,2496.824409074005,2494.7579177890266,ns,800000000.0,100000000.0,20999999915.0,seq
224,LookupTime<CompactTrie>/100/2,11,4,LookupTime<CompactTrie>/100/2,iteration,1,0,1,3443559,198.2689190255629,198.17207778405276,ns,800.0,100.0,21574.0,uniform
225,LookupTime<CompactTrie>/10000/2,11,5,LookupTime<CompactTrie>/10000/2,iteration,1,0,1,2199635,326.67207274905314,326.4551491511323,ns,80000.0,10000.0,2158572.0,uniform
226,LookupTime<CompactTrie>/1000000/2,11,6,LookupTime<CompactTrie>/1000000/2,iteration,1,0,1,698540,973.4030280428727,972.5706545129173,ns,8000000.0,1000000.0,214944590.0,uniform
227,LookupTime<CompactTrie>/100000000/2,11,7,LookupTime<CompactTrie>/100000000/2,iteration,1,0,1,293525,2295.4142204836517,2293.3201192462616,ns,800000000.0,100000000.0,21400211759.0,uniform
228,LookupTime<CompactTrie>/100/3,11,8,LookupTime<CompactTrie>/100/3,iteration,1,0,1,3578620,203.39725056935154,203.2936210033461,ns,800.0,100.0,21213.0,fb
229,LookupTime<CompactTrie>/10000/3,11,9,LookupTime<CompactTrie>/10000/3,iteration,1,0,1,2233467,321.25382942539784,321.022553276326,ns,80000.0,10000.0,2120945.0,fb
230,LookupTime<CompactTrie>/1000000/3,11,10,LookupTime<CompactTrie>/1000000/3,iteration,1,0,1,658559,1036.6025913703675,1035.6841604166004,ns,8000000.0,1000000.0,211216074.0,fb
231,LookupTime<CompactTrie>/100000000/3,11,11,LookupTime<CompactTrie>/100000000/3,iteration,1,0,1,262891,2581.4511006175853,2579.317028713477,ns,800000000.0,100000000.0,21026526889.0,fb
232,LookupTime<CompactTrie>/100/4,11,12,LookupTime<CompactTrie>/100/4,iteration,1,0,1,3610708,197.42111147929072,197.32709014397497,ns,800.0,100.0,21511.0,osm
233,LookupTime<CompactTrie>/10000/4,11,13,LookupTime<CompactTrie>/10000/4,iteration,1,0,1,2101253,330.15337645862786,329.9259546563213,ns,80000.0,10000.0,2150471.0,osm
234,LookupTime<CompactTrie>/1000000/4,11,14,LookupTime<CompactTrie>/1000000/4,iteration,1,0,1,652520,1048.37508710356,1047.3743854542338,ns,8000000.0,1000000.0,214098702.0,osm
235,LookupTime<CompactTrie>/100000000/4,11,15,LookupTime<CompactTrie>/100000000/4,iteration,1,0,1,258156,2554.3020492850405,2551.770007298158,ns,800000000.0,100000000.0,21323724543.0,osm
236,LookupTime<CompactTrie>/100/5,11,16,LookupTime<CompactTrie>/100/5,iteration,1,0,1,3583265,200.01861743393326,199.91299889965342,ns,800.0,100.0,21110.0,wiki
237,LookupTime<CompactTrie>/10000/5,11,17,LookupTime<CompactTrie>/10000/5,iteration,1,0,1,2150457,315.43250748597296,315.19984496242466,ns,80000.0,10000.0,2110158.0,wiki
238,LookupTime<CompactTrie>/1000000/5,11,18,LookupTime<CompactTrie>/1000000/5,iteration,1,0,1,693949,976.2692076197867,975.3187554089257,ns,8000000.0,1000000.0,210164489.0,wiki
239,LookupTime<CompactTrie>/100000000/5,11,19,LookupTime<CompactTrie>/100000000/5,iteration,1,0,1,295021,2255.0988081398827,2253.028167492013,ns,723496096.0,90437012.0,18991808356.0,wiki
240,PresortedBuildTime<SimpleHollowTrie>/100/0,12,0,PresortedBuildTime<SimpleHollowTrie>/100/0,iteration,1,0,1,19884,35728.18666720529,35711.84464868131,ns,800.0,100.0,824.0,seq
241,PresortedBuildTime<SimpleHollowTrie>/10000/0,12,1,PresortedBuildTime<SimpleHollowTrie>/10000/0,iteration,1,0,1,144,4926816.495652828,4923169.319479509,ns,80000.0,10000.0,80024.0,seq
242,PresortedBuildTime<SimpleHollowTrie>/1000000/0,12,2,PresortedBuildTime<SimpleHollowTrie>/1000000/0,iteration,1,0,1,1,1376574572.1757412,1375523488.9977145,ns,8000000.0,1000000.0,8000024.0,seq
243,PresortedBuildTime<SimpleHollowTrie>/100000000/0,12,3,PresortedBuildTime<SimpleHollowTrie>/100000000/0,iteration,1,0,1,1,71425955554.47041,71367731274.00374,ns,800000000.0,100000000.0,800000024.0,seq
244,PresortedBuildTime<SimpleHollowTrie>/100/2,12,4,PresortedBuildTime<SimpleHollowTrie>/100/2,iteration,1,0,1,11068,63130.84728711557,63096.37025662447,ns,800.0,100.0,824.0,uniform
245,PresortedBuildTime<SimpleHollowTrie>/10000/2,12,5,PresortedBuildTime<SimpleHollowTrie>/10000/2,iteration,1,0,1,84,8635167.852931079,8628369.464315169,ns,80000.0,10000.0,80024.0,uniform
246,PresortedBuildTime<SimpleHollowTrie>/1000000/2,12,6,PresortedBuildTime<SimpleHollowTrie>/1000000/2,iteration,1,0,1,1,1050559435.0397587,1049738894.0057135,ns,8000000.0,1000000.0,8000024.0,uniform
247,PresortedBuildTime<SimpleHollowTrie>/100000000/2,12,7,PresortedBuildTime<SimpleHollowTrie>/100000000/2,iteration,1,0,1,1,88812618512.66026,88744224201.99698,ns,800000000.0,100000000.0,800000024.0,uniform
248,PresortedBuildTime<SimpleHollowTrie>/100/3,12,8,PresortedBuildTime<SimpleHollowTrie>/100/3,iteration,1,0,1,16222,43519.56843539858,43497.50024649401,ns,800.0,100.0,824.0,fb
249,PresortedBuildTime<SimpleHollowTrie>/10000/3,12,9,PresortedBuildTime<SimpleHollowTrie>/10000/3,iteration,1,0,1,93,6584139.761104379,6579517.76340406,ns,80000.0,10000.0,80024.0,fb
250,PresortedBuildTime<SimpleHollowTrie>/1000000/3,12,10,PresortedBuildTime<SimpleHollowTrie>/1000000/3,iteration,1,0,1,1,857899453.4909725,857243922.9974407,ns,8000000.0,1000000.0,8000024.0,fb
251,PresortedBuildTime<SimpleHollowTrie>/100000000/3,12,11,PresortedBuildTime<SimpleHollowTrie>/100000000/3,iteration,1,0,1,1,70774973042.30928,70718789001.00273,ns,800000000.0,100000000.0,800000024.0,fb
252,PresortedBuildTime<SimpleHollowTrie>/100/4,12,12,PresortedBuildTime<SimpleHollowTrie>/100/4,iteration,1,0,1,11571,60461.42612947176,60433.95143063321,ns,800.0,100.0,824.0,osm
253,PresortedBuildTime<SimpleHollowTrie>/10000/4,12,13,PresortedBuildTime<SimpleHollowTrie>/10000/4,iteration,1,0,1,86,8277178.980236829,8271613.837149384,ns,80000.0,10000.0,80024.0,osm
254,PresortedBuildTime<SimpleHollowTrie>/1000000/4,12,14,PresortedBuildTime<SimpleHollowTrie>/1000000/4,iteration,1,0,1,1,1020243197.6795197,1019475784.9967573,ns,8000000.0,1000000.0,8000024.0,osm
255,PresortedBuildTime<SimpleHollowTrie>/100000000/4,12,15,PresortedBuildTime<SimpleHollowTrie>/100000000/4,iteration,1,0,1,1,87433131899.68466,87364371497.00214,ns,800000000.0,100000000.0,800000024.0,osm
256,PresortedBuildTime<SimpleHollowTrie>/100/5,12,16,PresortedBuildTime<SimpleHollowTrie>/100/5,iteration,1,0,1,17130,39724.323417941385,39704.9406304427,ns,800.0,100.0,824.0,wiki
257,PresortedBuildTime<SimpleHollowTrie>/10000/5,12,17,PresortedBuildTime<SimpleHollowTrie>/10000/5,iteration,1,0,1,116,6164619.779406951,6160341.413776443,ns,80000.0,10000.0,80024.0,wiki
258,PresortedBuildTime<SimpleHollowTrie>/1000000/5,12,18,PresortedBuildTime<SimpleHollowTrie>/1000000/5,iteration,1,0,1,1,1617363031.9535732,1615961016.0029843,ns,8000000.0,1000000.0,8000024.0,wiki
259,PresortedBuildTime<SimpleHollowTrie>/100000000/5,12,19,PresortedBuildTime<SimpleHollowTrie>/100000000/5,iteration,1,0,1,1,67058150699.36216,67009928267.00531,ns,723496096.0,90437012.0,723496120.0,wiki
260,UnorderedBuildTime<SimpleHollowTrie>/100/0,13,0,UnorderedBuildTime<SimpleHollowTrie>/100/0,iteration,1,0,1,20480,34622.96617726679,34606.03105480686,ns,800.0,100.0,824.0,seq
261,UnorderedBuildTime<SimpleHollowTrie>/10000/0,13,1,UnorderedBuildTime<SimpleHollowTrie>/10000/0,iteration,1,0,1,1,712196679.7858477,711613457.002386,ns,80000.0,10000.0,80024.0,seq
262,UnorderedBuildTime<SimpleHollowTrie>/1000000/0,13,2,UnorderedBuildTime<SimpleHollowTrie>/1000000/0,iteration,1,0,1,1,2336856625.9741783,2334659636.995639,ns,8000000.0,1000000.0,8000024.0,seq
263,UnorderedBuildTime<SimpleHollowTrie>/100000000/0,13,3,UnorderedBuildTime<SimpleHollowTrie>/100000000/0,iteration,1,0,1,1,328642617864.53424,328335289137.99817,ns,800000000.0,100000000.0,800000024.0,seq
264,UnorderedBuildTime<SimpleHollowTrie>/100/2,13,4,UnorderedBuildTime<SimpleHollowTrie>/100/2,iteration,1,0,1,10042,72793.09243990638,72759.0980877986,ns,800.0,100.0,824.0,uniform
265,UnorderedBuildTime<SimpleHollowTrie>/10000/2,13,5,UnorderedBuildTime<SimpleHollowTrie>/10000/2,iteration,1,0,1,66,10744647.405138522,10737313.37876807,ns,80000.0,10000.0,80024.0,uniform
266,UnorderedBuildTime<SimpleHollowTrie>/1000000/2,13,6,UnorderedBuildTime<SimpleHollowTrie>/1000000/2,iteration,1,0,1,1,2741956911.981106,2739510318.002431,ns,8000000.0,1000000.0,8000024.0,uniform
267,UnorderedBuildTime<SimpleHollowTrie>/100000000/2,13,7,UnorderedBuildTime<SimpleHollowTrie>/100000000/2,iteration,1,0,1,1,365748602038.2494,365419225272.999,ns,800000000.0,100000000.0,800000024.0,uniform
268,UnorderedBuildTime<SimpleHollowTrie>/100/3,13,8,UnorderedBuildTime<SimpleHollowTrie>/100/3,iteration,1,0,1,15094,49245.01474920576,49214.331257447244,ns,800.0,100.0,824.0,fb
269,UnorderedBuildTime<SimpleHollowTrie>/10000/3,13,9,UnorderedBuildTime<SimpleHollowTrie>/10000/3,iteration,1,0,1,80,8774897.642433643,8767839.699976321,ns,80000.0,10000.0,80024.0,fb
270,UnorderedBuildTime<SimpleHollowTrie>/1000000/3,13,10,UnorderedBuildTime<SimpleHollowTrie>/1000000/3,iteration,1,0,1,1,2517254935.577512,2515037163.9974766,ns,8000000.0,1000000.0,8000024.0,fb
271,UnorderedBuildTime<SimpleHollowTrie>/100000000/3,13,11,UnorderedBuildTime<SimpleHollowTrie>/100000000/3,iteration,1,0,1,1,385015246393.15906,384664987019.9981,ns,800000000.0,100000000.0,800000024.0,fb
272,UnorderedBuildTime<SimpleHollowTrie>/100/4,13,12,UnorderedBuildTime<SimpleHollowTrie>/100/4,iteration,1,0,1,10615,65620.30338561596,65583.56646283758,ns,800.0,100.0,824.0,osm
273,UnorderedBuildTime<SimpleHollowTrie>/10000/4,13,13,UnorderedBuildTime<SimpleHollowTrie>/10000/4,iteration,1,0,1,65,10989471.438985605,10981110.169198543,ns,80000.0,10000.0,80024.0,osm
274,UnorderedBuildTime<SimpleHollowTrie>/1000000/4,13,14,UnorderedBuildTime<SimpleHollowTrie>/1000000/4,iteration,1,0,1,1,3474336149.1709948,3471352597.0000772,ns,8000000.0,1000000.0,8000024.0,osm
275,UnorderedBuildTime<SimpleHollowTrie>/100000000/4,13,15,UnorderedBuildTime<SimpleHollowTrie>/100000000/4,iteration,1,0,1,1,398833454452.455,398448788426.0015,ns,800000000.0,100000000.0,800000024.0,osm
276,UnorderedBuildTime<SimpleHollowTrie>/100/5,13,16,UnorderedBuildTime<SimpleHollowTrie>/100/5,iteration,1,0,1,16063,43193.874103168186,43173.47768156244,ns,800.0,100.0,824.0,wiki
277,UnorderedBuildTime<SimpleHollowTrie>/10000/5,13,17,UnorderedBuildTime<SimpleHollowTrie>/10000/5,iteration,1,0,1,40,23600262.40348816,23582257.19999609,ns,80000.0,10000.0,80024.0,wiki
278,UnorderedBuildTime<SimpleHollowTrie>/1000000/5,13,18,UnorderedBuildTime<SimpleHollowTrie>/1000000/5,iteration,1,0,1,1,2408959073.94588,2406740610.997076,ns,8000000.0,1000000.0,8000024.0,wiki
279,UnorderedBuildTime<SimpleHollowTrie>/100000000/5,13,19,UnorderedBuildTime<SimpleHollowTrie>/100000000/5,iteration,1,0,1,1,296965112254.02356,296690894832.0051,ns,723496096.0,90437012.0,723496120.0,wiki
280,LookupTime<SimpleHollowTrie>/100/0,14,0,LookupTime<SimpleHollowTrie>/100/0,iteration,1,0,1,7351201,97.22240414829808,97.17721974898907,ns,800.0,100.0,824.0,seq
281,LookupTime<SimpleHollowTrie>/10000/0,14,1,LookupTime<SimpleHollowTrie>/10000/0,iteration,1,0,1,4558129,156.31563576961872,156.24382109461544,ns,80000.0,10000.0,80024.0,seq
282,LookupTime<SimpleHollowTrie>/1000000/0,14,2,LookupTime<SimpleHollowTrie>/1000000/0,iteration,1,0,1,2142432,305.08744961396934,304.8490551873173,ns,8000000.0,1000000.0,8000024.0,seq
283,LookupTime<SimpleHollowTrie>/100000000/0,14,3,LookupTime<SimpleHollowTrie>/100000000/0,iteration,1,0,1,557338,1154.3065229422552,1153.4249342372818,ns,800000000.0,100000000.0,800000024.0,seq
284,LookupTime<SimpleHollowTrie>/100/2,14,4,LookupTime<SimpleHollowTrie>/100/2,iteration,1,0,1,7977511,89.81006683326154,89.75953364394036,ns,800.0,100.0,824.0,uniform
285,LookupTime<SimpleHollowTrie>/10000/2,14,5,LookupTime<SimpleHollowTrie>/10000/2,iteration,1,0,1,4438039,155.64280668970807,155.56907251105125,ns,80000.0,10000.0,80024.0,uniform
286,LookupTime<SimpleHollowTrie>/1000000/2,14,6,LookupTime<SimpleHollowTrie>/1000000/2,iteration,1,0,1,2668989,255.2688100233825,255.07314492266443,ns,8000000.0,1000000.0,8000024.0,uniform
287,LookupTime<SimpleHollowTrie>/100000000/2,14,7,LookupTime<SimpleHollowTrie>/100000000/2,iteration,1,0,1,846098,748.7572011297405,748.0774059172176,ns,800000000.0,100000000.0,800000024.0,uniform
288,LookupTime<SimpleHollowTrie>/100/3,14,8,LookupTime<SimpleHollowTrie>/100/3,iteration,1,0,1,7195513,86.20784372305428,86.17105437782789,ns,800.0,100.0,824.0,fb
289,LookupTime<SimpleHollowTrie>/10000/3,14,9,LookupTime<SimpleHollowTrie>/10000/3,iteration,1,0,1,4552107,154.50221500763624,154.41286792955685,ns,80000.0,10000.0,80024.0,fb
290,LookupTime<SimpleHollowTrie>/1000000/3,14,10,LookupTime<SimpleHollowTrie>/1000000/3,iteration,1,0,1,2720458,259.4103073930484,259.2273536271537,ns,8000000.0,1000000.0,8000024.0,fb
291,LookupTime<SimpleHollowTrie>/100000000/3,14,11,LookupTime<SimpleHollowTrie>/100000000/3,iteration,1,0,1,785113,806.8854692844816,806.1197330861999,ns,800000000.0,100000000.0,800000024.0,fb
292,LookupTime<SimpleHollowTrie>/100/4,14,12,LookupTime<SimpleHollowTrie>/100/4,iteration,1,0,1,7770119,90.8975940757139,90.84691508586894,ns,800.0,100.0,824.0,osm
293,LookupTime<SimpleHollowTrie>/10000/4,14,13,LookupTime<SimpleHollowTrie>/10000/4,iteration,1,0,1,4455564,158.6415622409807,158.5671403214254,ns,80000.0,10000.0,80024.0,osm
294,LookupTime<SimpleHollowTrie>/1000000/4,14,14,LookupTime<SimpleHollowTrie>/1000000/4,iteration,1,0,1,2552329,268.41305542228446,268.19344645992226,ns,8000000.0,1000000.0,8000024.0,osm
295,LookupTime<SimpleHollowTrie>/100000000/4,14,15,LookupTime<SimpleHollowTrie>/100000000/4,iteration,1,0,1,785737,794.0447308043565,793.3643890927804,ns,800000000.0,100000000.0,800000024.0,osm
296,LookupTime<SimpleHollowTrie>/100/5,14,16,LookupTime<SimpleHollowTrie>/100/5,iteration,1,0,1,7890116,89.82317795536235,89.78117977017911,ns,800.0,100.0,824.0,wiki
297,LookupTime<SimpleHollowTrie>/10000/5,14,17,LookupTime<SimpleHollowTrie>/10000/5,iteration,1,0,1,4532770,155.14619757780036,155.0657214000945,ns,80000.0,10000.0,80024.0,wiki
298,LookupTime<SimpleHollowTrie>/1000000/5,14,18,LookupTime<SimpleHollowTrie>/1000000/5,iteration,1,0,1,2699413,257.79992611058327,257.60944694271217,ns,8000000.0,1000000.0,8000024.0,wiki
299,LookupTime<SimpleHollowTrie>/100000000/5,14,19,LookupTime<SimpleHollowTrie>/100000000/5,iteration,1,0,1,864700,719.5958232857581,718.9549450747545,ns,723496096.0,90437012.0,723496120.0,wiki
300,PresortedBuildTime<HollowTrie>/100/0,15,0,PresortedBuildTime<HollowTrie>/100/0,iteration,1,0,1,14437,49705.71047494127,49679.44309771277,ns,800.0,100.0,155.0,seq
301,PresortedBuildTime<HollowTrie>/10000/0,15,1,PresortedBuildTime<HollowTrie>/10000/0,iteration,1,0,1,103,13318700.444640465,13308018.223310197,ns,80000.0,10000.0,10789.0,seq
302,PresortedBuildTime<HollowTrie>/1000000/0,15,2,PresortedBuildTime<HollowTrie>/1000000/0,iteration,1,0,1,1,990565424.785018,989779521.0126787,ns,8000000.0,1000000.0,1074332.0,seq
303,PresortedBuildTime<HollowTrie>/100000000/0,15,3,PresortedBuildTime<HollowTrie>/100000000/0,iteration,1,0,1,1,109822442578.15182,109731294486.99182,ns,800000000.0,100000000.0,107428784.0,seq
